Type,Gold count,Gold rate,Pred count,Pred rate,Correct count,Prec,Rec,F1
地点,3,75.0,3,33.33,2,66.67,66.67,66.67
机构,1,25.0,2,22.220000000000002,1,50.0,100.0,66.67
人物,0,0.0,4,44.440000000000005,0,0.0,0.0,0.0
ToTal,4,100.0,9,100.0,3,33.33,75.0,46.150000000000006
