Type,Gold count,Gold rate,Pred count,Pred rate,Correct count,Prec,Rec,F1
地点,3,75.0,6,42.86,2,33.33,66.67,44.440000000000005
机构,1,25.0,7,50.0,1,14.29,100.0,25.0
人物,0,0.0,1,7.140000000000001,0,0.0,0.0,0.0
ToTal,4,100.0,14,100.0,3,21.43,75.0,33.33
