Type,Gold count,Gold rate,Pred count,Pred rate,Correct count,Prec,Rec,F1
地点,3,75.0,13,72.22,2,15.379999999999999,66.67,25.0
机构,1,25.0,2,11.110000000000001,1,50.0,100.0,66.67
人物,0,0.0,3,16.669999999999998,0,0.0,0.0,0.0
ToTal,4,100.0,18,100.0,3,16.669999999999998,75.0,27.27
