Type,Gold count,Gold rate,Pred count,Pred rate,Correct count,Prec,Rec,F1
地点,3,75.0,15,83.33,2,13.33,66.67,22.220000000000002
机构,1,25.0,2,11.110000000000001,0,0.0,0.0,0.0
人物,0,0.0,1,5.56,0,0.0,0.0,0.0
ToTal,4,100.0,18,100.0,2,11.110000000000001,50.0,18.18
