Type,Gold count,Gold rate,Pred count,Pred rate,Correct count,Prec,Rec,F1
地点,3,75.0,4,44.440000000000005,2,50.0,66.67,57.14
机构,1,25.0,3,33.33,0,0.0,0.0,0.0
人物,0,0.0,2,22.220000000000002,0,0.0,0.0,0.0
ToTal,4,100.0,9,100.0,2,22.220000000000002,50.0,30.769999999999996
