Type,Gold count,Gold rate,Pred count,Pred rate,Correct count,Prec,Rec,F1
地点,3,75.0,7,63.63999999999999,2,28.57,66.67,40.0
机构,1,25.0,3,27.27,0,0.0,0.0,0.0
人物,0,0.0,1,9.09,0,0.0,0.0,0.0
ToTal,4,100.0,11,100.0,2,18.18,50.0,26.669999999999998
